Title,Type,Shipping Required,Status,Description
Essential Concierge,Digital Membership,No,Draft,Entry-level Brian & Co concierge access and saved preference support.
Premium Concierge,Digital Membership,No,Draft,Advanced personalization and premium concierge recommendations.
Creator Concierge,Digital Membership,No,Draft,Creator tools and AI-supported content/workflow guidance.
Business Concierge,Digital Membership,No,Draft,Business concierge guidance and AI-supported operations support.
Accessibility Concierge,Digital Membership,No,Draft,Accessibility-first support path with ethical upgrade options.
Digital Concierge Access,Digital Product,No,Draft,General digital access to Brian & Co concierge experiences.
Premium AI Guidance,Digital Service,No,Draft,Premium AI-guided support and personalized recommendations.
Localized Luxury Recommendation Session,Digital Service,No,Draft,Localized recommendation support based on language region and preferences.
Digital Onboarding Kit,Digital Download,No,Draft,Premium onboarding resources for Brian & Co users.
Premium Downloadable Guide,Digital Download,No,Draft,Premium Brian & Co guidance resource.
